[
  {
    "id": "624fef19-8bb8-4a81-9a3f-e50d32eafa05",
    "data": [
      {
        "text": "Verify if Agent Jason recognizes contexts",
        "userDefined": false
      }
    ],
    "isTemplate": false,
    "count": 0,
    "lang": "en",
    "updated": 0
  },
  {
    "id": "158ae4a3-16ef-409c-a99a-422c6016c2f7",
    "data": [
      {
        "text": "Verify if contexts are working",
        "userDefined": false
      }
    ],
    "isTemplate": false,
    "count": 0,
    "lang": "en",
    "updated": 0
  },
  {
    "id": "ee45be02-1375-4eda-9b48-c70fa66337d3",
    "data": [
      {
        "text": "Test contexts",
        "userDefined": false
      }
    ],
    "isTemplate": false,
    "count": 0,
    "lang": "en",
    "updated": 0
  }
]