[
  {
    "id": "58c90337-bed2-4c6a-91b1-db788caabf4d",
    "data": [
      {
        "text": "Ask Agent Jason to remember my name which is ",
        "userDefined": false
      },
      {
        "text": "John",
        "meta": "@sys.given-name",
        "alias": "given-name",
        "userDefined": true
      }
    ],
    "isTemplate": false,
    "count": 0,
    "lang": "en",
    "updated": 0
  },
  {
    "id": "7fb4db3f-867a-4900-8ab5-f9f12c123bff",
    "data": [
      {
        "text": "Tell Agent Jason to remember that my name is ",
        "userDefined": false
      },
      {
        "text": "Maria",
        "meta": "@sys.given-name",
        "alias": "given-name",
        "userDefined": true
      }
    ],
    "isTemplate": false,
    "count": 0,
    "lang": "en",
    "updated": 0
  },
  {
    "id": "c894e8d0-be5a-4cff-b66e-073918b36fd2",
    "data": [
      {
        "text": "Remember my name is ",
        "userDefined": false
      },
      {
        "text": "John",
        "meta": "@sys.given-name",
        "alias": "given-name",
        "userDefined": true
      }
    ],
    "isTemplate": false,
    "count": 0,
    "lang": "en",
    "updated": 0
  }
]