[
  {
    "id": "d871beef-dcee-44da-a5d1-8c999efcdfac",
    "data": [
      {
        "text": "I am ",
        "userDefined": false
      },
      {
        "text": "John",
        "meta": "@sys.given-name",
        "alias": "given-name",
        "userDefined": true
      },
      {
        "text": ", I want to instruct Agent Jason",
        "userDefined": false
      }
    ],
    "isTemplate": false,
    "count": 0,
    "lang": "en",
    "updated": 0
  },
  {
    "id": "d4f099a4-2b03-4972-abed-16e410089337",
    "data": [
      {
        "text": "I want to send an instruction to Agent Jason, my name is ",
        "userDefined": false
      },
      {
        "text": "Maria",
        "meta": "@sys.given-name",
        "alias": "given-name",
        "userDefined": true
      }
    ],
    "isTemplate": false,
    "count": 0,
    "lang": "en",
    "updated": 0
  },
  {
    "id": "1fde0691-ba80-4147-ae74-a25af67a32a2",
    "data": [
      {
        "text": "My name is ",
        "userDefined": false
      },
      {
        "text": "John",
        "meta": "@sys.given-name",
        "alias": "given-name",
        "userDefined": true
      },
      {
        "text": ", I want to send an instruction to Agent Jason",
        "userDefined": false
      }
    ],
    "isTemplate": false,
    "count": 0,
    "lang": "en",
    "updated": 0
  }
]